الأسم,السعر
مصحف التجويد غلاف سوستة  قياس 8*12 سم لون زهري,جنيه 110.00
كتاب فاتتني صلاة إسلام جمال,جنيه 60.00
كتاب رقائق القرآن -  المؤلف ابراهيم السكران,جنيه 60.00
مصحف التدوين - حجم 17×24 - ارضية خضراء,جنيه 200.00
الكتاب الطبي سمع هس,جنيه 70.00
مصحف التجويد غلاف مصدف  قياس 12*17 سم,جنيه 275.00
 كتاب دلائل الخيرات وبهامشه مجموعة الاوراد - ورق أبيض - طبعة عثمانية ,جنيه 125.00
كتاب فاتتني صلاة إسلام جمال,جنيه 65.00
مصحف التجويد قياس 12×8 سم غلاف سوستة لون اسود,جنيه 110.00
مصحف التجويد قياس 17×24 سم بدون فهرس المواضيع لون اخضر,جنيه 275.00
كتاب ابواب القران السبعة,جنيه 30.00
مجزأ 30 جزء ضمن حقيبة من مصحف التجويد قياس  24×17 سم لون اسود,جنيه 645.00
تاريخ فلاسفة الإسلام : دراسة شاملة عن حياتهن وأعمالهن ونقد تحليلي عن آرائهم الفلسفية,جنيه 40.00
أربعون -  أحمد الشقيري,جنيه 85.00
الماجريات + حقيبة زيجور المميزة,جنيه 264.00
كتاب التفسير الميسر على هامش المصحف بغلاف مجلد,جنيه 200.00
مصحف التجويد (غلاف جلد فاخر) 8×12 لون أزرق,جنيه 140.00
كتاب جزء عم من مصحف التجويد قياس 35×25 سم لون بني,جنيه 80.00
شرح شعلة كنز المعاني في شرح حرز الاماني,جنيه 90.00
كتاب رياض الصالحين حجم 14ب20,جنيه 167.00
مصحف الوان الطيف حجم 14ب20 غلاف جلد محفور لون أزرق,جنيه 200.00
تيسير الرحمن فى تجويد القرآن للدكتورة سعاد عبد الحميد,جنيه 150.00
كتاب فقه العبادات الميسر على المذهب الشافعي,جنيه 89.00
مصحف 2 لون مقاس 14 × 20 ورق كريمي - طبعة المدينة,جنيه 90.00
مصحف التجويد قياس 20×14 سم غلاف فليكس لون أسود,جنيه 355.00
نور الايمان جـ4 ؛ مختصر شرح الاربعين النووية وأئمة السنة,جنيه 23.00
مصحف التهجد وقيام الليل بالحامل,جنيه 225.00
كتاب عمرو بن العاص - عباس محمود العقاد,جنيه 75.00
القرآن الكريم مجزأ بالعرض 30 جزء ضمن حقيبة من مصحف التجويد قياس 12×8 سم لون اسود,جنيه 345.00
General كتاب جوامع السيرة النبوية,جنيه 100.00
مصحف التجويد مجزأ إلى 6 أجزاء,جنيه 400.00
كتاب السيرة النبوية لابن هشام 2 مجلد,جنيه 340.00
مصحف التجويد والتحفيظ غلاف قطيفة لون أبيض قياس 17×12,جنيه 275.00
أربعون -  أحمد الشقيري,جنيه 80.00
مصحف التجويد قياس 17×12 سم غلاف سوستة لون زهري,جنيه 275.00
القرآن نسخة شخصية,جنيه 70.00
ألبومات يلدز للسلطان عبد الحميد الثاني - مكة المكرمة والمدينة المنورة,جنيه 375.00
كتاب قصص الأنبياء,جنيه 120.00
مصحف التجويد مع فهرس المواضيع ومعاني الكلمات قياس 14×20 سم لون أخضر,جنيه 305.00
كتاب  لغز بربروسا,جنيه 215.00
